{"is_source_file": true, "format": "bash/sh", "description": "A comprehensive shell script to detect backup file types (SQLite, PostgreSQL, MySQL, MongoDB) and restore the database accordingly. It includes various checks for database availability and authentication, and logs progress and errors.", "external_files": ["database_backup.db", "database_backup.sql", "database_backup.archive"], "external_methods": ["ls", "cp", "echo", "sudo", "pg_isready", "psql", "mysqladmin", "mysql", "mongosh", "mongorestore"], "published": [], "classes": [], "methods": [], "calls": ["ls /usr/lib/postgresql/", "sudo -u postgres pg_isready", "psql", "mysqladmin ping", "mysql", "mongosh --port", "mongorestore --port"], "search-terms": ["restore_script", "database_restore", "backup_detection", "MySQL_restore", "PostgreSQL_restore", "MongoDB_restore", "SQLite_restore", "database_backup_files"], "state": 2, "file_id": 3, "knowledge_revision": 14, "git_revision": "66eead6fdb792f01a17d04447618bc670265a855", "hash": "67505395c0df4c9c001ab8f47571f3fb", "format-version": 4, "code-base-name": "huddle_database", "filename": "huddle_database/restore_db.sh", "revision_history": [{"14": "66eead6fdb792f01a17d04447618bc670265a855"}]}