{"is_source_file": false, "format": "", "description": "", "external_files": [], "external_methods": [], "published": [], "classes": [], "methods": [], "calls": [], "search-terms": [], "state": 2, "file_id": 6, "knowledge_revision": 11, "git_revision": "66eead6fdb792f01a17d04447618bc670265a855", "hash": "0c9f36dfd1a6dee9fa952c06ab7d9563", "format-version": 4, "code-base-name": "huddle_database", "filename": "huddle_database/db_visualizer/package.json", "revision_history": [{"11": "66eead6fdb792f01a17d04447618bc670265a855"}]}