{"is_source_file": false, "format": "", "description": "", "external_files": [], "external_methods": [], "published": [], "classes": [], "methods": [], "calls": [], "search-terms": [], "state": 2, "file_id": 5, "knowledge_revision": 10, "git_revision": "66eead6fdb792f01a17d04447618bc670265a855", "hash": "ee63333a4841bf025439c755a74c9881", "format-version": 4, "code-base-name": "huddle_database", "filename": "huddle_database/db_visualizer/public/index.html", "revision_history": [{"10": "66eead6fdb792f01a17d04447618bc670265a855"}]}