{"is_source_file": true, "format": "bash", "description": "A shell script that initializes and starts a PostgreSQL server, sets up database and user permissions, and applies application schema for the ConnectHuddle project.", "external_files": ["/usr/lib/postgresql/", "/var/lib/postgresql/data", "apply_schema.sh"], "external_methods": ["ls", "sudo", "pg_isready", "pgrep", "psql", "initdb", "createdb"], "published": ["db_connection.txt", "db_visualizer/postgres.env"], "classes": [], "methods": [], "calls": ["ls", "sudo -u postgres pg_isready", "sudo -u postgres psql", "sudo -u postgres initdb", "sudo -u postgres createdb", "sudo -u postgres psql", "cat"], "search-terms": ["PostgreSQL", "startup script", "database setup", "schema application", "connecthuddle"], "state": 2, "file_id": 2, "knowledge_revision": 17, "git_revision": "3f072b5781393558383d4be53558c4f8c30e91d7", "revision_history": [{"12": "66eead6fdb792f01a17d04447618bc670265a855"}, {"17": "3f072b5781393558383d4be53558c4f8c30e91d7"}], "hash": "d864f45f6385f50381127258924f2492", "format-version": 4, "code-base-name": "huddle_database", "filename": "huddle_database/startup.sh"}