{"is_source_file": true, "format": "bash", "description": "A shell script for initializing, starting, and configuring a PostgreSQL database server with user and schema setup, including checks for existing instances and permissions configuration.", "external_files": ["/usr/lib/postgresql/", "/var/lib/postgresql/data/", "db_connection.txt", "db_visualizer/postgres.env"], "external_methods": ["ls", "sudo", "pg_isready", "pgrep", "psql", "initdb", "createdb"], "published": ["DB_NAME", "DB_USER", "DB_PASSWORD", "DB_PORT", "db_connection.txt", "db_visualizer/postgres.env"], "classes": [], "methods": [], "calls": ["ls", "sudo -u postgres pg_isready", "sudo -u postgres pgrep", "sudo -u postgres psql", "sudo -u postgres initdb", "sudo -u postgres createdb"], "search-terms": ["PostgreSQL startup script", "database initialization", "pg_isready check", "permission setup", "schema permissions", "connection string", "bash database setup"], "state": 3, "file_id": 2, "knowledge_revision": 12, "git_revision": "66eead6fdb792f01a17d04447618bc670265a855", "hash": "fa2aa67ea0a7c72f7c0958282f15a864", "format-version": 4, "code-base-name": "huddle_database", "filename": "huddle_database/startup.sh", "revision_history": [{"12": "66eead6fdb792f01a17d04447618bc670265a855"}]}