{"is_source_file": true, "format": "bash", "description": "A shell script for detecting and backing up various types of databases (SQLite, PostgreSQL, MySQL, MongoDB) on a system, with conditional checks and fallback mechanisms.", "external_files": ["/usr/lib/postgresql/", "/var/run/mysqld/mysqld.sock"], "external_methods": ["ls", "cp", "sudo -u postgres pg_isready", "ls", "mongosh", "mysqladmin", "mysql", "mysqldump"], "published": [], "classes": [], "methods": [], "calls": ["ls", "cp", "sudo -u postgres pg_isready", "mongosh --port", "mongodump", "mysqladmin ping", "mysql -h", "mysqldump", "sudo mysql --socket", "sudo mysqldump", "sudo mysql"], "search-terms": ["backup_db.sh", "database backup", "SQLite backup", "PostgreSQL backup", "MySQL backup", "MongoDB backup", "database detection", "database-specific commands", "conditional database handling"], "state": 2, "file_id": 7, "knowledge_revision": 13, "git_revision": "66eead6fdb792f01a17d04447618bc670265a855", "hash": "7af9aa35fa4940f934d83f6e2621b732", "format-version": 4, "code-base-name": "huddle_database", "filename": "huddle_database/backup_db.sh", "revision_history": [{"13": "66eead6fdb792f01a17d04447618bc670265a855"}]}